{
  "mse": 0.7799307993618525,
  "r2": 0.22075213938351668
}