{
  "mse": 0.6990680610568183,
  "r2": 0.301544071025844
}